{
    "dof": 1820, 
    "nobs": 2139, 
    "nparam": 319, 
    "seu": 0.938917493077443, 
    "ssr": 1604.4502270284308
}